<?xml version="1.0" encoding="utf-8" ?>
<dwsync>
<file name="xmlAnidadaDerecha.xml" server="C:/xampp/htdocs/ceficc/" local="131759963965210004" remote="131759963960000000" Dst="0" />
<file name="xmlCatalogo.xml" server="C:/xampp/htdocs/ceficc/" local="131782994995559561" remote="131782994990000000" Dst="0" />
<file name="xmlPaginaInicioParteInferior.xml" server="C:/xampp/htdocs/ceficc/" local="131754864532578687" remote="131754864530000000" Dst="0" />
<file name="xmlPaginaInicioParteMedia.xml" server="C:/xampp/htdocs/ceficc/" local="131754864532734687" remote="131754864530000000" Dst="0" />
<file name="xmlPaginaInstitucionalMision.xml" server="C:/xampp/htdocs/ceficc/" local="131754864532890688" remote="131754864530000000" Dst="0" />
<file name="xmlPaginaInstitucionalPrincipios.xml" server="C:/xampp/htdocs/ceficc/" local="131754864532890688" remote="131754864530000000" Dst="0" />
<file name="xmlPaginaInstitucionalValores.xml" server="C:/xampp/htdocs/ceficc/" local="131754864532890688" remote="131754864530000000" Dst="0" />
<file name="xmlPaginaInstitucionalVision.xml" server="C:/xampp/htdocs/ceficc/" local="131754864532890688" remote="131754864530000000" Dst="0" />
<file name="xmlPiedePagina.xml" server="C:/xampp/htdocs/ceficc/" local="131763485688688829" remote="131763485680000000" Dst="0" />
</dwsync>