<?xml version="1.0"?>
<Acto>
  <Codigo name="2045">
    <DetalleCodigo>null</DetalleCodigo>
    <Titulo>Enrtrega de certificados Sincelejo Sucre Convenio ASOTESUB&amp;nbsp;&amp;nbsp; &lt;br&gt;</Titulo>
    <introduccionNoticia>&lt;span style="color: rgb(51, 51, 51); font-family: Arial, Helvetica, sans-serif; font-size: 14px; font-style: normal; font-variant-ligatures: normal; font-variant-caps: normal; font-weight: 400; letter-spacing: normal; orphans: 2; text-align: right; text-indent: 0px; text-transform: none; white-space: normal; widows: 2; word-spacing: 0px; -webkit-text-stroke-width: 0px; background-color: rgb(255, 255, 255); text-decoration-style: initial; text-decoration-color: initial; display: inline !important; float: none;"&gt;La corporación educativa Ceficc entrega certificado de complementación a participantes de la titulación técnico laboral en Electricidad Industrial&lt;/span&gt;</introduccionNoticia>
    <mensajeNoticia>&lt;span style="color: rgb(51, 51, 51); font-family: Arial, Helvetica, sans-serif; font-size: 14px; font-style: normal; font-variant-ligatures: normal; font-variant-caps: normal; font-weight: 400; letter-spacing: normal; orphans: 2; text-align: right; text-indent: 0px; text-transform: none; white-space: normal; widows: 2; word-spacing: 0px; -webkit-text-stroke-width: 0px; background-color: rgb(255, 255, 255); text-decoration-style: initial; text-decoration-color: initial; display: inline !important; float: none;"&gt;Felicitaciones a todos los participantes de esta formación realizada en Sincelejo en el mes de julio del año 2018.&lt;/span&gt;</mensajeNoticia>
    <url>/Public/CatalogoForm.aspx</url>
    <xml>/XMLPage/xmlAnidadaDerecha.xml</xml>
    <foto>EntregaCertificados.jpeg</foto>
    <fecha>13/07/2018 17:59:52</fecha>
    <autor>William Lozano Posso</autor>
  </Codigo>
</Acto>