<?xml version="1.0" encoding="UTF-8"?>
<Noticias>
  <Noticia>
    <Codigo>2048</Codigo>
    <DetalleCodigo>1038</DetalleCodigo>
    <Titulo>Manua de Trabajo en altura&lt;br&gt;</Titulo>
    <introduccionNoticia>Manual de trabajo en altura&lt;br&gt;</introduccionNoticia>
    <mensajeNoticia>&lt;p&gt;&lt;/p&gt;</mensajeNoticia>
    <urlFile>detallecatalogo</urlFile>
    <foto>Manual_TRABAJO_EN_ALTURAS.pdf</foto>
    <fecha>Maxico D.F. - Editorial Grijalbo</fecha>
    <autor>2</autor>
  </Noticia>
  <Noticia>
    <Codigo>2095</Codigo>
    <DetalleCodigo>2094</DetalleCodigo>
    <Titulo>0</Titulo>
    <introduccionNoticia>hola intro dsdsdsd ds &lt;br&gt;</introduccionNoticia>
    <mensajeNoticia>&lt;p&gt;hola Contenido dsdsds sds&lt;br&gt;&lt;/p&gt;</mensajeNoticia>
    <urlFile>detallecatalogo</urlFile>
    <foto>curso altura.jpg</foto>
    <fecha>Maxico D.F. - Editorial Grijalbo</fecha>
    <autor>2</autor>
  </Noticia>
  <Noticia>
    <Codigo>2099</Codigo>
    <DetalleCodigo>2094</DetalleCodigo>
    <Titulo>0</Titulo>
    <introduccionNoticia>intro ganchos&lt;br&gt;</introduccionNoticia>
    <mensajeNoticia>&lt;p&gt;mnensaje ganchos&lt;br&gt;&lt;/p&gt;</mensajeNoticia>
    <urlFile>detallecatalogo</urlFile>
    <foto>ganchos de seguridad.jpg</foto>
    <fecha>Maxico D.F. - Editorial Grijalbo</fecha>
    <autor>2</autor>
  </Noticia>
  <Noticia>
    <Codigo>2100</Codigo>
    <DetalleCodigo>2094</DetalleCodigo>
    <Titulo>0</Titulo>
    <introduccionNoticia>intro ganchos&lt;br&gt;</introduccionNoticia>
    <mensajeNoticia>&lt;p&gt;mnensaje ganchos&lt;br&gt;&lt;/p&gt;</mensajeNoticia>
    <urlFile>detallecatalogo</urlFile>
    <foto>ganchos de seguridad.jpg</foto>
    <fecha>Maxico D.F. - Editorial Grijalbo</fecha>
    <autor>2</autor>
  </Noticia>
  <Noticia>
    <Codigo>2101</Codigo>
    <DetalleCodigo>1038</DetalleCodigo>
    <Titulo>Ingles</Titulo>
    <introduccionNoticia>Ingles Sistema Europeosads</introduccionNoticia>
    <mensajeNoticia>&lt;p&gt;dasd&lt;/p&gt;</mensajeNoticia>
    <urlFile>detallecatalogo</urlFile>
    <foto>curso altura.jpg</foto>
    <fecha>Maxico D.F. - Editorial Grijalbo</fecha>
    <autor>2</autor>
  </Noticia>
  <Noticia>
    <Codigo>2102</Codigo>
    <DetalleCodigo>1038</DetalleCodigo>
    <Titulo>0</Titulo>
    <introduccionNoticia>Ingles Sistema Europeosads</introduccionNoticia>
    <mensajeNoticia>&lt;p&gt;dasd&lt;/p&gt;</mensajeNoticia>
    <urlFile>detallecatalogo</urlFile>
    <foto>slide-corporate-1.jpg</foto>
    <fecha>Maxico D.F. - Editorial Grijalbo</fecha>
    <autor>2</autor>
  </Noticia>
  <Noticia>
    <Codigo>2115</Codigo>
    <DetalleCodigo>1038</DetalleCodigo>
    <Titulo>SEGURIDAD</Titulo>
    <introduccionNoticia>SEGURIDAD OCUPACIONAL&lt;br&gt;</introduccionNoticia>
    <mensajeNoticia>&lt;p&gt;DSDS&lt;/p&gt;</mensajeNoticia>
    <urlFile>detallecatalogo</urlFile>
    <foto>seguridad_ocupacional.jpg</foto>
    <fecha>Maxico D.F. - Editorial Grijalbo</fecha>
    <autor>2</autor>
  </Noticia>
  <Noticia>
    <Codigo>2117</Codigo>
    <DetalleCodigo>2115</DetalleCodigo>
    <Titulo>Instalaciones</Titulo>
    <introduccionNoticia>Nuestras instalaciones&lt;br&gt;</introduccionNoticia>
    <mensajeNoticia>&lt;p&gt;Comodas instalaciones&lt;br&gt;&lt;/p&gt;</mensajeNoticia>
    <urlFile>../vista/detallecatalogo.php</urlFile>
    <foto>3.jpg</foto>
    <fecha>Maxico D.F. - Editorial Grijalbo</fecha>
    <autor>2</autor>
  </Noticia>
</Noticias>
