<?xml version="1.0" encoding="UTF-8"?>
<Noticias>
  <Noticia>
    <Codigo>1038</Codigo>
    <DetalleCodigo>0</DetalleCodigo>
    <Titulo>INGLES</Titulo>
    <introduccionNoticia>Programa de Ingles Sistema Europeo</introduccionNoticia>
    <mensajeNoticia>&lt;p&gt;dasd&lt;/p&gt;</mensajeNoticia>
    <urlFile>catalogoform</urlFile>
    <foto>programa_Ingles.jpg</foto>
    <fecha>Maxico D.F. - Editorial Grijalbo</fecha>
    <autor>2</autor>
  </Noticia>
  <Noticia>
    <Codigo>2094</Codigo>
    <DetalleCodigo>0</DetalleCodigo>
    <Titulo>Técnico Laboral en&lt;br&gt;</Titulo>
    <introduccionNoticia>Electricidad Industrial&lt;br&gt;</introduccionNoticia>
    <mensajeNoticia>&lt;p&gt;hola Contenido dsds&lt;br&gt;&lt;/p&gt;</mensajeNoticia>
    <urlFile>catalogoform</urlFile>
    <foto>maquina_Electrica_Rotativas.jpg</foto>
    <fecha>Maxico D.F. - Editorial Grijalbo</fecha>
    <autor>2</autor>
  </Noticia>
  <Noticia>
    <Codigo>2115</Codigo>
    <DetalleCodigo>1038</DetalleCodigo>
    <Titulo>SEGURIDAD</Titulo>
    <introduccionNoticia>SEGURIDAD OCUPACIONAL&lt;br&gt;</introduccionNoticia>
    <mensajeNoticia>&lt;p&gt;DSDS&lt;/p&gt;</mensajeNoticia>
    <urlFile>catalogoform</urlFile>
    <foto>seguridad_ocupacional.jpg</foto>
    <fecha>Maxico D.F. - Editorial Grijalbo</fecha>
    <autor>2</autor>
  </Noticia>
  <Noticia>
    <Codigo>2118</Codigo>
    <DetalleCodigo>0</DetalleCodigo>
    <Titulo>Técnico Laboral en&lt;br&gt;</Titulo>
    <introduccionNoticia>Energía Fotovoltaica&lt;br&gt;</introduccionNoticia>
    <mensajeNoticia>&lt;p&gt;&lt;/p&gt;</mensajeNoticia>
    <urlFile>catalogoform</urlFile>
    <foto>energia_fotovoltaica.jpg</foto>
    <fecha>Maxico D.F. - Editorial Grijalbo</fecha>
    <autor>2</autor>
  </Noticia>
</Noticias>
