<?xml version="1.0" encoding="UTF-8"?>
<Noticias>
  <Noticia>
    <Codigo>2074</Codigo>
    <DetalleCodigo/>
    <Titulo>Principios Institucionales&lt;br&gt;</Titulo>
    <introduccionNoticia>&lt;span style="color: rgb(119, 119, 119); font-family: "Open Sans", Arial, sans-serif; font-size: 14px; font-style: normal; font-variant-ligatures: normal; font-variant-caps: normal; font-weight: 400; letter-spacing: normal; orphans: 2; text-align: justify; text-indent: 0px; text-transform: none; white-space: normal; widows: 2; word-spacing: 0px; -webkit-text-stroke-width: 0px; background-color: rgb(255, 255, 255); text-decoration-style: initial; text-decoration-color: initial; display: inline !important; float: none;"&gt;&lt;br&gt;&lt;/span&gt;</introduccionNoticia>
    <mensajeNoticia>&lt;p&gt;&lt;ul style="box-sizing: border-box; margin-top: 0px; margin-bottom: 10px; color: rgb(119, 119, 119); font-family: "Open Sans", Arial, sans-serif; font-size: 14px; font-style: normal; font-variant-ligatures: normal; font-variant-caps: normal; font-weight: 400; letter-spacing: normal; orphans: 2; text-align: start; text-indent: 0px; text-transform: none; white-space: normal; widows: 2; word-spacing: 0px; -webkit-text-stroke-width: 0px; background-color: rgb(255, 255, 255); text-decoration-style: initial; text-decoration-color: initial;"&gt;&lt;li style="box-sizing: border-box; line-height: 24px;"&gt;&lt;p class="rtejustify" style="box-sizing: border-box; margin: 0px 0px 20px; color: rgb(119, 119, 119); line-height: 24px; text-align: justify;"&gt;&lt;b style="box-sizing: border-box; font-weight: 700;"&gt;Educación durante toda la vida:&lt;span&gt; &lt;/span&gt;&lt;/b&gt;Se presenta como una de las llaves de acceso a la educación para todos los sectores sociales en cualquier edad, tiempo o circunstancia, adaptable en todo momento a los cambios de sociedad&lt;/p&gt;&lt;/li&gt;&lt;/ul&gt;&lt;p class="rtejustify" style="box-sizing: border-box; margin: 0px 0px 20px; color: rgb(119, 119, 119); line-height: 24px; text-align: justify; font-family: "Open Sans", Arial, sans-serif; font-size: 14px; font-style: normal; font-variant-ligatures: normal; font-variant-caps: normal; font-weight: 400; letter-spacing: normal; orphans: 2; text-indent: 0px; text-transform: none; white-space: normal; widows: 2; word-spacing: 0px; -webkit-text-stroke-width: 0px; background-color: rgb(255, 255, 255); text-decoration-style: initial; text-decoration-color: initial;"&gt; &lt;/p&gt;&lt;ul style="box-sizing: border-box; margin-top: 0px; margin-bottom: 10px; color: rgb(119, 119, 119); font-family: "Open Sans", Arial, sans-serif; font-size: 14px; font-style: normal; font-variant-ligatures: normal; font-variant-caps: normal; font-weight: 400; letter-spacing: normal; orphans: 2; text-align: start; text-indent: 0px; text-transform: none; white-space: normal; widows: 2; word-spacing: 0px; -webkit-text-stroke-width: 0px; background-color: rgb(255, 255, 255); text-decoration-style: initial; text-decoration-color: initial;"&gt;&lt;li style="box-sizing: border-box; line-height: 24px;"&gt;&lt;p class="rtejustify" style="box-sizing: border-box; margin: 0px 0px 20px; color: rgb(119, 119, 119); line-height: 24px; text-align: justify;"&gt;&lt;b style="box-sizing: border-box; font-weight: 700;"&gt;Adopción y transferencia de nuevas tecnologías:&lt;/b&gt;&lt;span&gt; &lt;/span&gt;las nuevas tecnologías han hecho entrar a la humanidad en la era de la comunicación universal; eliminando la distancia, contribuyendo poderosamente a forjar las sociedades del mañana que, a causa de ellas, no responderán a ningún modelo del pasado.  Sin perder de vista el desarrollo humano, la Corporación permitirá el uso y aprovechamiento de los medios más avanzados que se pueden poner al alcance de cualquier persona.&lt;/p&gt;&lt;/li&gt;&lt;/ul&gt;&lt;p class="rtejustify" style="box-sizing: border-box; margin: 0px 0px 20px; color: rgb(119, 119, 119); line-height: 24px; text-align: justify; font-family: "Open Sans", Arial, sans-serif; font-size: 14px; font-style: normal; font-variant-ligatures: normal; font-variant-caps: normal; font-weight: 400; letter-spacing: normal; orphans: 2; text-indent: 0px; text-transform: none; white-space: normal; widows: 2; word-spacing: 0px; -webkit-text-stroke-width: 0px; background-color: rgb(255, 255, 255); text-decoration-style: initial; text-decoration-color: initial;"&gt; &lt;/p&gt;&lt;ul style="box-sizing: border-box; margin-top: 0px; margin-bottom: 10px; color: rgb(119, 119, 119); font-family: "Open Sans", Arial, sans-serif; font-size: 14px; font-style: normal; font-variant-ligatures: normal; font-variant-caps: normal; font-weight: 400; letter-spacing: normal; orphans: 2; text-align: start; text-indent: 0px; text-transform: none; white-space: normal; widows: 2; word-spacing: 0px; -webkit-text-stroke-width: 0px; background-color: rgb(255, 255, 255); text-decoration-style: initial; text-decoration-color: initial;"&gt;&lt;li style="box-sizing: border-box; line-height: 24px;"&gt;&lt;p class="rtejustify" style="box-sizing: border-box; margin: 0px 0px 20px; color: rgb(119, 119, 119); line-height: 24px; text-align: justify;"&gt;&lt;b style="box-sizing: border-box; font-weight: 700;"&gt;La cohesión social y la participación democrática:&lt;/b&gt;&lt;span&gt; &lt;/span&gt;La cohesión de la sociedad humana procede de un conjunto de actividades y de proyectos comunes, pero también de valores compartidos, la finalidad principal de CEFIC es el desarrollo del ser humano en su dimensión social. preparar a la persona para la participación democrática, enseñándole sus derechos y deberes, pero también desarrollando sus competencias sociales y fomentando el trabajo en equipo.&lt;/p&gt;&lt;/li&gt;&lt;/ul&gt;&lt;p class="rtejustify" style="box-sizing: border-box; margin: 0px 0px 20px; color: rgb(119, 119, 119); line-height: 24px; text-align: justify; font-family: "Open Sans", Arial, sans-serif; font-size: 14px; font-style: normal; font-variant-ligatures: normal; font-variant-caps: normal; font-weight: 400; letter-spacing: normal; orphans: 2; text-indent: 0px; text-transform: none; white-space: normal; widows: 2; word-spacing: 0px; -webkit-text-stroke-width: 0px; background-color: rgb(255, 255, 255); text-decoration-style: initial; text-decoration-color: initial;"&gt; &lt;/p&gt;&lt;ul style="box-sizing: border-box; margin-top: 0px; margin-bottom: 10px; color: rgb(119, 119, 119); font-family: "Open Sans", Arial, sans-serif; font-size: 14px; font-style: normal; font-variant-ligatures: normal; font-variant-caps: normal; font-weight: 400; letter-spacing: normal; orphans: 2; text-align: start; text-indent: 0px; text-transform: none; white-space: normal; widows: 2; word-spacing: 0px; -webkit-text-stroke-width: 0px; background-color: rgb(255, 255, 255); text-decoration-style: initial; text-decoration-color: initial;"&gt;&lt;li style="box-sizing: border-box; line-height: 24px;"&gt;&lt;p class="rtejustify" style="box-sizing: border-box; margin: 0px 0px 20px; color: rgb(119, 119, 119); line-height: 24px; text-align: justify;"&gt;&lt;b style="box-sizing: border-box; font-weight: 700;"&gt;Desarrollo humano como finalidad del servicio público educativo:&lt;/b&gt;&lt;span&gt; &lt;/span&gt;El desarrollo humano incorpora la dimensión ética cultural, social, económica, y ecológica de la sociedad.  La finalidad del servicio público educativo es el bienestar humano, teniendo en cuenta la equidad y la igualdad entre los sexos, así como el grado de participación democrático.&lt;/p&gt;&lt;/li&gt;&lt;/ul&gt;&lt;p class="rtejustify" style="box-sizing: border-box; margin: 0px 0px 20px; color: rgb(119, 119, 119); line-height: 24px; text-align: justify; font-family: "Open Sans", Arial, sans-serif; font-size: 14px; font-style: normal; font-variant-ligatures: normal; font-variant-caps: normal; font-weight: 400; letter-spacing: normal; orphans: 2; text-indent: 0px; text-transform: none; white-space: normal; widows: 2; word-spacing: 0px; -webkit-text-stroke-width: 0px; background-color: rgb(255, 255, 255); text-decoration-style: initial; text-decoration-color: initial;"&gt; &lt;/p&gt;&lt;ul style="box-sizing: border-box; margin-top: 0px; margin-bottom: 10px; color: rgb(119, 119, 119); font-family: "Open Sans", Arial, sans-serif; font-size: 14px; font-style: normal; font-variant-ligatures: normal; font-variant-caps: normal; font-weight: 400; letter-spacing: normal; orphans: 2; text-align: start; text-indent: 0px; text-transform: none; white-space: normal; widows: 2; word-spacing: 0px; -webkit-text-stroke-width: 0px; background-color: rgb(255, 255, 255); text-decoration-style: initial; text-decoration-color: initial;"&gt;&lt;li style="box-sizing: border-box; line-height: 24px;"&gt;&lt;p class="rtejustify" style="box-sizing: border-box; margin: 0px 0px 20px; color: rgb(119, 119, 119); line-height: 24px; text-align: justify;"&gt;&lt;b style="box-sizing: border-box; font-weight: 700;"&gt;Formación ética&lt;span&gt; &lt;/span&gt;&lt;/b&gt;: Se relaciona con la moralidad en su conjunto, referida a los valores de la personalidad, a la identidad cultural de las personas, a la capacidad de reconocerse   como seres libres y solidarios y para reconocer de igual manera a los demás  a través de la acción comunitaria y la autogestión  empresarial, de tal manera que se logre dinamizar el potencial espiritual de los miembros de CEFIC  y de la comunidad educativa, para que se comprometan en la construcción  de una nueva sociedad humana.&lt;/p&gt;&lt;/li&gt;&lt;/ul&gt;&lt;br&gt;&lt;/p&gt;</mensajeNoticia>
    <urlFile/>
    <foto>logofront.png</foto>
    <fecha>Maxico D.F. - Editorial Grijalbo</fecha>
    <autor>9</autor>
  </Noticia>
</Noticias>
