<?xml version="1.0" encoding="UTF-8"?>
<Noticias>
  <Noticia>
    <Codigo>2105</Codigo>
    <DetalleCodigo>0</DetalleCodigo>
    <Titulo>Valores Éticos Institucionales&lt;br&gt;</Titulo>
    <introduccionNoticia>&lt;span style="color: rgb(119, 119, 119); font-family: "Open Sans", Arial, sans-serif; text-align: justify;"&gt;La Institución con miras a cumplir sus funciones con responsabilidad, asume la siguiente Carta de Valores y Principios éticos:&lt;/span&gt;</introduccionNoticia>
    <mensajeNoticia>&lt;p&gt;&lt;ul style="margin-bottom: 10px; color: rgb(119, 119, 119); font-family: "Open Sans", Arial, sans-serif;"&gt;&lt;li class="rtejustify" style="line-height: 24px; text-align: justify;"&gt;&lt;span style="font-weight: 700;"&gt;Tolerancia&lt;/span&gt;. “es la posibilidad que inventamos en nosotros de convivir con el diferente....”Freire P. Actitud de comprensión hacia las opiniones diversas en las relaciones interpersonales, sin la cual se hacen imposibles dichas relaciones. Es la expresión más clara del respeto por los demás, y como tal es un valor fundamental para la convivencia pacífica entre las personas. Tiene que ver con el reconocimiento de los otros como seres humanos, con derecho a ser aceptados en su individualidad y en su diferencia.&lt;/li&gt;&lt;/ul&gt;&lt;p class="rtejustify" style="margin-bottom: 20px; color: rgb(119, 119, 119); line-height: 24px; text-align: justify; font-family: "Open Sans", Arial, sans-serif;"&gt;&lt;br&gt;&lt;/p&gt;&lt;ul style="margin-bottom: 10px; color: rgb(119, 119, 119); font-family: "Open Sans", Arial, sans-serif;"&gt;&lt;li class="rtejustify" style="line-height: 24px; text-align: justify;"&gt;&lt;span style="font-weight: 700;"&gt;Respeto&lt;/span&gt;. Nos permite reconocer, aceptar, apreciar y valorar las cualidades del otro, igualmente es el reconocimiento del valor propio y de los derechos de los individuos en la sociedad. También incorpora la consideración por el entorno, su cuidado y la observancia de conductas para preservarlo y dignificarlo.&lt;/li&gt;&lt;/ul&gt;&lt;p class="rtejustify" style="margin-bottom: 20px; color: rgb(119, 119, 119); line-height: 24px; text-align: justify; font-family: "Open Sans", Arial, sans-serif;"&gt; &lt;/p&gt;&lt;ul style="margin-bottom: 10px; color: rgb(119, 119, 119); font-family: "Open Sans", Arial, sans-serif;"&gt;&lt;li class="rtejustify" style="line-height: 24px; text-align: justify;"&gt;&lt;span style="font-weight: 700;"&gt;Responsabilidad&lt;/span&gt;. Capacidad de responder por los propios actos así como para reconocer y aceptar las consecuencias de un hecho realizado libremente. Es la conciencia acerca de las consecuencias que tiene todo lo que hacemos o dejemos de hacer sobre nosotros mismos o sobre los demás.&lt;/li&gt;&lt;/ul&gt;&lt;p class="rtejustify" style="margin-bottom: 20px; color: rgb(119, 119, 119); line-height: 24px; text-align: justify; font-family: "Open Sans", Arial, sans-serif;"&gt; &lt;/p&gt;&lt;ul style="margin-bottom: 10px; color: rgb(119, 119, 119); font-family: "Open Sans", Arial, sans-serif;"&gt;&lt;li class="rtejustify" style="line-height: 24px; text-align: justify;"&gt;&lt;span style="font-weight: 700;"&gt;Honestidad&lt;/span&gt;. Ser honesto es ser real, auténtico, de buena fe. La honestidad dota la vida de apertura, confianza y sinceridad, y expresa la disposición de vivir a la luz pública. Es el valor que hace que el ser humano actúe con rectitud y transparencia de intención en todas sus actuaciones.&lt;/li&gt;&lt;/ul&gt;&lt;p class="rtejustify" style="margin-bottom: 20px; color: rgb(119, 119, 119); line-height: 24px; text-align: justify; font-family: "Open Sans", Arial, sans-serif;"&gt; &lt;/p&gt;&lt;ul style="margin-bottom: 10px; color: rgb(119, 119, 119); font-family: "Open Sans", Arial, sans-serif;"&gt;&lt;li class="rtejustify" style="line-height: 24px; text-align: justify;"&gt;&lt;span style="font-weight: 700;"&gt;Solidaridad&lt;/span&gt;. Es la capacidad que tenemos de reconocer la dignidad del otro, así como poseer la sensibilidad para descubrir sus necesidades y compartir “Institución de educación para el trabajo y el desarrollo humano, sujeta a inspección y vigilancia por el Ministerio de Educación Nacional.” con ellos lo que somos y tenemos para remediarlas. Es uno de los valores humanos por excelencia. Es la determinación firme y perseverante de comprometerse por el bien común.&lt;/li&gt;&lt;/ul&gt;&lt;p class="rtejustify" style="margin-bottom: 20px; color: rgb(119, 119, 119); line-height: 24px; text-align: justify; font-family: "Open Sans", Arial, sans-serif;"&gt; &lt;/p&gt;&lt;ul style="margin-bottom: 10px; color: rgb(119, 119, 119); font-family: "Open Sans", Arial, sans-serif;"&gt;&lt;li class="rtejustify" style="line-height: 24px; text-align: justify;"&gt;&lt;span style="font-weight: 700;"&gt;Prudencia&lt;/span&gt;. Conocer, discernir y elegir los medios más oportunos en toda circunstancia para optar por la conducta más apropiada o acertada. Es una virtud que nos impide comportarnos de manera ciega e irreflexiva en las múltiples situaciones que debemos sortear en la vida.&lt;/li&gt;&lt;/ul&gt;&lt;p class="rtejustify" style="margin-bottom: 20px; color: rgb(119, 119, 119); line-height: 24px; text-align: justify; font-family: "Open Sans", Arial, sans-serif;"&gt; &lt;/p&gt;&lt;ul style="margin-bottom: 10px; color: rgb(119, 119, 119); font-family: "Open Sans", Arial, sans-serif;"&gt;&lt;li class="rtejustify" style="line-height: 24px; text-align: justify;"&gt;&lt;span style="font-weight: 700;"&gt;Orden&lt;/span&gt;. Buscar comportarse de acuerdo con las normas lógicas, necesarias para el logro de cualquier objetivo deseado y previsto en la organización de las cosas, en la distribución del tiempo y en la realización de las actividades, con inventiva propia.&lt;/li&gt;&lt;/ul&gt;&lt;p class="rtejustify" style="margin-bottom: 20px; color: rgb(119, 119, 119); line-height: 24px; text-align: justify; font-family: "Open Sans", Arial, sans-serif;"&gt; &lt;/p&gt;&lt;ul style="margin-bottom: 10px; color: rgb(119, 119, 119); font-family: "Open Sans", Arial, sans-serif;"&gt;&lt;li class="rtejustify" style="line-height: 24px; text-align: justify;"&gt;&lt;span style="font-weight: 700;"&gt;Lealtad&lt;/span&gt;. Apoyar, permanecer y respaldar con convicción en todas las circunstancias, de la vida. La lealtad nos exige un alto sentido del compromiso, y esto permite ser constantes en sus afectos y cumplidores de su palabra.&lt;/li&gt;&lt;/ul&gt;&lt;p class="rtejustify" style="margin-bottom: 20px; color: rgb(119, 119, 119); line-height: 24px; text-align: justify; font-family: "Open Sans", Arial, sans-serif;"&gt; &lt;/p&gt;&lt;ul style="margin-bottom: 10px; color: rgb(119, 119, 119); font-family: "Open Sans", Arial, sans-serif;"&gt;&lt;li class="rtejustify" style="line-height: 24px; text-align: justify;"&gt;&lt;span style="font-weight: 700;"&gt;Justicia&lt;/span&gt;. Consiste en conocer, respetar y hacer valer los derechos de los personas, dando a cada uno lo que le corresponde o pertenece. Los miembros de la Comunidad Mayorista deben esmerarse por dar un tratamiento justo e igualitario a las demás personas, de acuerdo a sus necesidades, garantizando el respeto y prevalencia del interés general sobre el particular y la defensa de la igualdad de oportunidades.&lt;/li&gt;&lt;/ul&gt;&lt;p class="rtejustify" style="margin-bottom: 20px; color: rgb(119, 119, 119); line-height: 24px; text-align: justify; font-family: "Open Sans", Arial, sans-serif;"&gt; &lt;/p&gt;&lt;ul style="margin-bottom: 10px; color: rgb(119, 119, 119); font-family: "Open Sans", Arial, sans-serif;"&gt;&lt;li class="rtejustify" style="line-height: 24px; text-align: justify;"&gt;&lt;span style="font-weight: 700;"&gt;Perseverancia&lt;/span&gt;. Es la fuerza interior que nos permite llevar a buen término las cosas que emprendemos. Los que son perseverantes tienen una alta motivación y un profundo sentido del compromiso que les impide abandonar las tareas que comienzan, y los animan a trabajar hasta el final.&lt;/li&gt;&lt;/ul&gt;&lt;/p&gt;</mensajeNoticia>
    <urlFile/>
    <foto>slider3.jpg</foto>
    <fecha>Maxico D.F. - Editorial Grijalbo</fecha>
    <autor>8</autor>
  </Noticia>
</Noticias>
