<?xml version="1.0" encoding="UTF-8"?>
<Noticias>
  <Noticia>
    <Codigo>2075</Codigo>
    <DetalleCodigo/>
    <Titulo>Visión&lt;br&gt;</Titulo>
    <introduccionNoticia>&lt;span style="color: rgb(119, 119, 119); font-family: "Open Sans", Arial, sans-serif; font-size: 14px; font-style: normal; font-variant-ligatures: normal; font-variant-caps: normal; font-weight: 400; letter-spacing: normal; orphans: 2; text-align: justify; text-indent: 0px; text-transform: none; white-space: normal; widows: 2; word-spacing: 0px; -webkit-text-stroke-width: 0px; background-color: rgb(255, 255, 255); text-decoration-style: initial; text-decoration-color: initial; display: inline !important; float: none;"&gt;Ser una institución reconocida por la excelencia en el servicio integral que presenta, la calidad de su gestión y su activa participación en el logro de desarrollo social, científico de la comunidad local, regional y nacional.&lt;/span&gt;</introduccionNoticia>
    <mensajeNoticia>&lt;p&gt;&lt;/p&gt;</mensajeNoticia>
    <urlFile/>
    <foto>EntregaCertificados.jpeg</foto>
    <fecha>Maxico D.F. - Editorial Grijalbo</fecha>
    <autor>7</autor>
  </Noticia>
</Noticias>
