<?xml version="1.0" encoding="UTF-8"?>
<Noticias>
  <Noticia>
    <Codigo>2114</Codigo>
    <DetalleCodigo>0</DetalleCodigo>
    <Titulo>SISTEMA DE CALIDAD</Titulo>
    <introduccionNoticia>4.    OBJETIVOS DE CALIDAD&lt;br&gt;•    Satisfacer las necesidades y expectativas de nuestros educandos y la comunidad en general.&lt;br&gt;•    Contratar talento humano calificado y entrenado para la prestación del servicio educativo en la formación para el trabajo y el desarrollo humano.&lt;br&gt;•    Disponer de instalaciones adecuadas para prestar el servicio educativo&lt;br&gt;•    Disponer de los recursos didácticos y tecnológicos para la prestación del servicio educativo en la formación para el trabajo y el desarrollo humano.&lt;br&gt;•    Generar satisfacción al entorno (estudiantes y sector productivo)&lt;br&gt;•    Mejora continua al interior de la institución.&lt;br&gt;&lt;br&gt;</introduccionNoticia>
    <mensajeNoticia>&lt;p&gt;. SISTEMA DE GESTION DE CALIDAD&lt;br&gt;El Sistema de Gestión de Calidad consiste en la interacción de procesos que buscan garantizar de una manera eficaz que todos los requerimientos legales, normativos y de los clientes sean aplicados y cumplidos en la institución.&lt;br&gt; LA CORPORACION EDUCATICA DE FORMACION INTEGRAL DEL CARIBE  CEFICC,  comenzó su proceso de certificación en las normas ISO 9001 Y NTC 5555 &lt;br&gt;&lt;br&gt;&lt;/p&gt;</mensajeNoticia>
    <urlFile/>
    <foto>slider3.jpg</foto>
    <fecha>Maxico D.F. - Editorial Grijalbo</fecha>
    <autor>10</autor>
  </Noticia>
</Noticias>
