<?xml version="1.0" encoding="utf-8" ?>
<dwsync>
<file name="arrow.png" server="C:/xampp/htdocs/ceficc/" local="131754898648115353" remote="131754898640000000" Dst="0" />
<file name="bub.png" server="C:/xampp/htdocs/ceficc/" local="131754898648165356" remote="131754898640000000" Dst="0" />
<file name="home.png" server="C:/xampp/htdocs/ceficc/" local="131754898648195357" remote="131754898640000000" Dst="0" />
<file name="metal_bg.png" server="C:/xampp/htdocs/ceficc/" local="131754898648225359" remote="131754898640000000" Dst="0" />
<file name="metal_tilt.png" server="C:/xampp/htdocs/ceficc/" local="131754898648255361" remote="131754898640000000" Dst="0" />
<file name="top1.png" server="C:/xampp/htdocs/ceficc/" local="131754898648285363" remote="131754898640000000" Dst="0" />
<file name="top2.png" server="C:/xampp/htdocs/ceficc/" local="131754898648305364" remote="131754898640000000" Dst="0" />
<file name="top3.png" server="C:/xampp/htdocs/ceficc/" local="131754898648305364" remote="131754898640000000" Dst="0" />
<file name="top4.png" server="C:/xampp/htdocs/ceficc/" local="131754898648305364" remote="131754898640000000" Dst="0" />
<file name="top5.png" server="C:/xampp/htdocs/ceficc/" local="131754898648305364" remote="131754898640000000" Dst="0" />
</dwsync>